[
  {
    "code": "af",
    "name": "Afghanistan",
    "slug": "afghanistan"
  },
  {
    "code": "al",
    "name": "Albania",
    "slug": "albania"
  },
  {
    "code": "dz",
    "name": "Algeria",
    "slug": "algeria"
  },
  {
    "code": "ad",
    "name": "Andorra",
    "slug": "andorra"
  },
  {
    "code": "ao",
    "name": "Angola",
    "slug": "angola"
  },
  {
    "code": "ar",
    "name": "Argentina",
    "slug": "argentina"
  },
  {
    "code": "am",
    "name": "Armenia",
    "slug": "armenia"
  },
  {
    "code": "au",
    "name": "Australia",
    "slug": "australia"
  },
  {
    "code": "at",
    "name": "Austria",
    "slug": "austria"
  },
  {
    "code": "az",
    "name": "Azerbaijan",
    "slug": "azerbaijan"
  },
  {
    "code": "bs",
    "name": "Bahamas",
    "slug": "bahamas"
  },
  {
    "code": "bh",
    "name": "Bahrain",
    "slug": "bahrain"
  },
  {
    "code": "bd",
    "name": "Bangladesh",
    "slug": "bangladesh"
  },
  {
    "code": "bb",
    "name": "Barbados",
    "slug": "barbados"
  },
  {
    "code": "by",
    "name": "Belarus",
    "slug": "belarus"
  },
  {
    "code": "be",
    "name": "Belgium",
    "slug": "belgium"
  },
  {
    "code": "bz",
    "name": "Belize",
    "slug": "belize"
  },
  {
    "code": "bj",
    "name": "Benin",
    "slug": "benin"
  },
  {
    "code": "bt",
    "name": "Bhutan",
    "slug": "bhutan"
  },
  {
    "code": "bo",
    "name": "Bolivia",
    "slug": "bolivia"
  },
  {
    "code": "ba",
    "name": "Bosnia and Herzegovina",
    "slug": "bosnia-and-herzegovina"
  },
  {
    "code": "bw",
    "name": "Botswana",
    "slug": "botswana"
  },
  {
    "code": "br",
    "name": "Brazil",
    "slug": "brazil"
  },
  {
    "code": "bn",
    "name": "Brunei",
    "slug": "brunei"
  },
  {
    "code": "bg",
    "name": "Bulgaria",
    "slug": "bulgaria"
  },
  {
    "code": "bf",
    "name": "Burkina Faso",
    "slug": "burkina-faso"
  },
  {
    "code": "bi",
    "name": "Burundi",
    "slug": "burundi"
  },
  {
    "code": "kh",
    "name": "Cambodia",
    "slug": "cambodia"
  },
  {
    "code": "cm",
    "name": "Cameroon",
    "slug": "cameroon"
  },
  {
    "code": "ca",
    "name": "Canada",
    "slug": "canada"
  },
  {
    "code": "cv",
    "name": "Cape Verde",
    "slug": "cape-verde"
  },
  {
    "code": "cf",
    "name": "Central African Republic",
    "slug": "central-african-republic"
  },
  {
    "code": "td",
    "name": "Chad",
    "slug": "chad"
  },
  {
    "code": "cl",
    "name": "Chile",
    "slug": "chile"
  },
  {
    "code": "cn",
    "name": "China",
    "slug": "china"
  },
  {
    "code": "co",
    "name": "Colombia",
    "slug": "colombia"
  },
  {
    "code": "km",
    "name": "Comoros",
    "slug": "comoros"
  },
  {
    "code": "cg",
    "name": "Congo",
    "slug": "congo"
  },
  {
    "code": "cd",
    "name": "DR Congo",
    "slug": "dr-congo"
  },
  {
    "code": "cr",
    "name": "Costa Rica",
    "slug": "costa-rica"
  },
  {
    "code": "ci",
    "name": "Côte d’Ivoire",
    "slug": "côte-d’ivoire"
  },
  {
    "code": "hr",
    "name": "Croatia",
    "slug": "croatia"
  },
  {
    "code": "cu",
    "name": "Cuba",
    "slug": "cuba"
  },
  {
    "code": "cy",
    "name": "Cyprus",
    "slug": "cyprus"
  },
  {
    "code": "cz",
    "name": "Czechia",
    "slug": "czechia"
  },
  {
    "code": "dk",
    "name": "Denmark",
    "slug": "denmark"
  },
  {
    "code": "dj",
    "name": "Djibouti",
    "slug": "djibouti"
  },
  {
    "code": "dm",
    "name": "Dominica",
    "slug": "dominica"
  },
  {
    "code": "do",
    "name": "Dominican Republic",
    "slug": "dominican-republic"
  },
  {
    "code": "ec",
    "name": "Ecuador",
    "slug": "ecuador"
  },
  {
    "code": "eg",
    "name": "Egypt",
    "slug": "egypt"
  },
  {
    "code": "sv",
    "name": "El Salvador",
    "slug": "el-salvador"
  },
  {
    "code": "gq",
    "name": "Equatorial Guinea",
    "slug": "equatorial-guinea"
  },
  {
    "code": "er",
    "name": "Eritrea",
    "slug": "eritrea"
  },
  {
    "code": "ee",
    "name": "Estonia",
    "slug": "estonia"
  },
  {
    "code": "sz",
    "name": "Eswatini",
    "slug": "eswatini"
  },
  {
    "code": "et",
    "name": "Ethiopia",
    "slug": "ethiopia"
  },
  {
    "code": "fj",
    "name": "Fiji",
    "slug": "fiji"
  },
  {
    "code": "fi",
    "name": "Finland",
    "slug": "finland"
  },
  {
    "code": "fr",
    "name": "France",
    "slug": "france"
  },
  {
    "code": "ga",
    "name": "Gabon",
    "slug": "gabon"
  },
  {
    "code": "gm",
    "name": "Gambia",
    "slug": "gambia"
  },
  {
    "code": "ge",
    "name": "Georgia",
    "slug": "georgia"
  },
  {
    "code": "de",
    "name": "Germany",
    "slug": "germany"
  },
  {
    "code": "gh",
    "name": "Ghana",
    "slug": "ghana"
  },
  {
    "code": "gr",
    "name": "Greece",
    "slug": "greece"
  },
  {
    "code": "gd",
    "name": "Grenada",
    "slug": "grenada"
  },
  {
    "code": "gt",
    "name": "Guatemala",
    "slug": "guatemala"
  },
  {
    "code": "gn",
    "name": "Guinea",
    "slug": "guinea"
  },
  {
    "code": "gw",
    "name": "Guinea-Bissau",
    "slug": "guinea-bissau"
  },
  {
    "code": "gy",
    "name": "Guyana",
    "slug": "guyana"
  },
  {
    "code": "ht",
    "name": "Haiti",
    "slug": "haiti"
  },
  {
    "code": "hn",
    "name": "Honduras",
    "slug": "honduras"
  },
  {
    "code": "hk",
    "name": "Hong Kong",
    "slug": "hong-kong"
  },
  {
    "code": "hu",
    "name": "Hungary",
    "slug": "hungary"
  },
  {
    "code": "is",
    "name": "Iceland",
    "slug": "iceland"
  },
  {
    "code": "in",
    "name": "India",
    "slug": "india"
  },
  {
    "code": "id",
    "name": "Indonesia",
    "slug": "indonesia"
  },
  {
    "code": "ir",
    "name": "Iran",
    "slug": "iran"
  },
  {
    "code": "iq",
    "name": "Iraq",
    "slug": "iraq"
  },
  {
    "code": "ie",
    "name": "Ireland",
    "slug": "ireland"
  },
  {
    "code": "il",
    "name": "Israel",
    "slug": "israel"
  },
  {
    "code": "it",
    "name": "Italy",
    "slug": "italy"
  },
  {
    "code": "jm",
    "name": "Jamaica",
    "slug": "jamaica"
  },
  {
    "code": "jp",
    "name": "Japan",
    "slug": "japan"
  },
  {
    "code": "jo",
    "name": "Jordan",
    "slug": "jordan"
  },
  {
    "code": "kz",
    "name": "Kazakhstan",
    "slug": "kazakhstan"
  },
  {
    "code": "ke",
    "name": "Kenya",
    "slug": "kenya"
  },
  {
    "code": "ki",
    "name": "Kiribati",
    "slug": "kiribati"
  },
  {
    "code": "kr",
    "name": "South Korea",
    "slug": "south-korea"
  },
  {
    "code": "kw",
    "name": "Kuwait",
    "slug": "kuwait"
  },
  {
    "code": "kg",
    "name": "Kyrgyzstan",
    "slug": "kyrgyzstan"
  },
  {
    "code": "la",
    "name": "Laos",
    "slug": "laos"
  },
  {
    "code": "lv",
    "name": "Latvia",
    "slug": "latvia"
  },
  {
    "code": "lb",
    "name": "Lebanon",
    "slug": "lebanon"
  },
  {
    "code": "ls",
    "name": "Lesotho",
    "slug": "lesotho"
  },
  {
    "code": "lr",
    "name": "Liberia",
    "slug": "liberia"
  },
  {
    "code": "ly",
    "name": "Libya",
    "slug": "libya"
  },
  {
    "code": "li",
    "name": "Liechtenstein",
    "slug": "liechtenstein"
  },
  {
    "code": "lt",
    "name": "Lithuania",
    "slug": "lithuania"
  },
  {
    "code": "lu",
    "name": "Luxembourg",
    "slug": "luxembourg"
  },
  {
    "code": "mo",
    "name": "Macao",
    "slug": "macao"
  },
  {
    "code": "mg",
    "name": "Madagascar",
    "slug": "madagascar"
  },
  {
    "code": "mw",
    "name": "Malawi",
    "slug": "malawi"
  },
  {
    "code": "my",
    "name": "Malaysia",
    "slug": "malaysia"
  },
  {
    "code": "mv",
    "name": "Maldives",
    "slug": "maldives"
  },
  {
    "code": "ml",
    "name": "Mali",
    "slug": "mali"
  },
  {
    "code": "mt",
    "name": "Malta",
    "slug": "malta"
  },
  {
    "code": "mh",
    "name": "Marshall Islands",
    "slug": "marshall-islands"
  },
  {
    "code": "mr",
    "name": "Mauritania",
    "slug": "mauritania"
  },
  {
    "code": "mu",
    "name": "Mauritius",
    "slug": "mauritius"
  },
  {
    "code": "mx",
    "name": "Mexico",
    "slug": "mexico"
  },
  {
    "code": "md",
    "name": "Moldova",
    "slug": "moldova"
  },
  {
    "code": "mc",
    "name": "Monaco",
    "slug": "monaco"
  },
  {
    "code": "mn",
    "name": "Mongolia",
    "slug": "mongolia"
  },
  {
    "code": "me",
    "name": "Montenegro",
    "slug": "montenegro"
  },
  {
    "code": "ma",
    "name": "Morocco",
    "slug": "morocco"
  },
  {
    "code": "mz",
    "name": "Mozambique",
    "slug": "mozambique"
  },
  {
    "code": "mm",
    "name": "Myanmar",
    "slug": "myanmar"
  },
  {
    "code": "na",
    "name": "Namibia",
    "slug": "namibia"
  },
  {
    "code": "np",
    "name": "Nepal",
    "slug": "nepal"
  },
  {
    "code": "nl",
    "name": "Netherlands",
    "slug": "netherlands"
  },
  {
    "code": "nz",
    "name": "New Zealand",
    "slug": "new-zealand"
  },
  {
    "code": "ni",
    "name": "Nicaragua",
    "slug": "nicaragua"
  },
  {
    "code": "ne",
    "name": "Niger",
    "slug": "niger"
  },
  {
    "code": "ng",
    "name": "Nigeria",
    "slug": "nigeria"
  },
  {
    "code": "mk",
    "name": "North Macedonia",
    "slug": "north-macedonia"
  },
  {
    "code": "no",
    "name": "Norway",
    "slug": "norway"
  },
  {
    "code": "om",
    "name": "Oman",
    "slug": "oman"
  },
  {
    "code": "pk",
    "name": "Pakistan",
    "slug": "pakistan"
  },
  {
    "code": "ps",
    "name": "Palestine",
    "slug": "palestine"
  },
  {
    "code": "pa",
    "name": "Panama",
    "slug": "panama"
  },
  {
    "code": "pg",
    "name": "Papua New Guinea",
    "slug": "papua-new-guinea"
  },
  {
    "code": "py",
    "name": "Paraguay",
    "slug": "paraguay"
  },
  {
    "code": "pe",
    "name": "Peru",
    "slug": "peru"
  },
  {
    "code": "ph",
    "name": "Philippines",
    "slug": "philippines"
  },
  {
    "code": "pl",
    "name": "Poland",
    "slug": "poland"
  },
  {
    "code": "pt",
    "name": "Portugal",
    "slug": "portugal"
  },
  {
    "code": "qa",
    "name": "Qatar",
    "slug": "qatar"
  },
  {
    "code": "ro",
    "name": "Romania",
    "slug": "romania"
  },
  {
    "code": "ru",
    "name": "Russia",
    "slug": "russia"
  },
  {
    "code": "rw",
    "name": "Rwanda",
    "slug": "rwanda"
  },
  {
    "code": "kn",
    "name": "Saint Kitts and Nevis",
    "slug": "saint-kitts-and-nevis"
  },
  {
    "code": "lc",
    "name": "Saint Lucia",
    "slug": "saint-lucia"
  },
  {
    "code": "vc",
    "name": "Saint Vincent and the Grenadines",
    "slug": "saint-vincent-and-the-grenadines"
  },
  {
    "code": "ws",
    "name": "Samoa",
    "slug": "samoa"
  },
  {
    "code": "sm",
    "name": "San Marino",
    "slug": "san-marino"
  },
  {
    "code": "st",
    "name": "Sao Tome and Principe",
    "slug": "sao-tome-and-principe"
  },
  {
    "code": "sa",
    "name": "Saudi Arabia",
    "slug": "saudi-arabia"
  },
  {
    "code": "sn",
    "name": "Senegal",
    "slug": "senegal"
  },
  {
    "code": "rs",
    "name": "Serbia",
    "slug": "serbia"
  },
  {
    "code": "sc",
    "name": "Seychelles",
    "slug": "seychelles"
  },
  {
    "code": "sl",
    "name": "Sierra Leone",
    "slug": "sierra-leone"
  },
  {
    "code": "sg",
    "name": "Singapore",
    "slug": "singapore"
  },
  {
    "code": "sk",
    "name": "Slovakia",
    "slug": "slovakia"
  },
  {
    "code": "si",
    "name": "Slovenia",
    "slug": "slovenia"
  },
  {
    "code": "sb",
    "name": "Solomon Islands",
    "slug": "solomon-islands"
  },
  {
    "code": "so",
    "name": "Somalia",
    "slug": "somalia"
  },
  {
    "code": "za",
    "name": "South Africa",
    "slug": "south-africa"
  },
  {
    "code": "es",
    "name": "Spain",
    "slug": "spain"
  },
  {
    "code": "lk",
    "name": "Sri Lanka",
    "slug": "sri-lanka"
  },
  {
    "code": "sd",
    "name": "Sudan",
    "slug": "sudan"
  },
  {
    "code": "sr",
    "name": "Suriname",
    "slug": "suriname"
  },
  {
    "code": "se",
    "name": "Sweden",
    "slug": "sweden"
  },
  {
    "code": "ch",
    "name": "Switzerland",
    "slug": "switzerland"
  },
  {
    "code": "sy",
    "name": "Syria",
    "slug": "syria"
  },
  {
    "code": "tw",
    "name": "Taiwan",
    "slug": "taiwan"
  },
  {
    "code": "tj",
    "name": "Tajikistan",
    "slug": "tajikistan"
  },
  {
    "code": "tz",
    "name": "Tanzania",
    "slug": "tanzania"
  },
  {
    "code": "th",
    "name": "Thailand",
    "slug": "thailand"
  },
  {
    "code": "tl",
    "name": "Timor-Leste",
    "slug": "timor-leste"
  },
  {
    "code": "tg",
    "name": "Togo",
    "slug": "togo"
  },
  {
    "code": "to",
    "name": "Tonga",
    "slug": "tonga"
  },
  {
    "code": "tt",
    "name": "Trinidad and Tobago",
    "slug": "trinidad-and-tobago"
  },
  {
    "code": "tn",
    "name": "Tunisia",
    "slug": "tunisia"
  },
  {
    "code": "tr",
    "name": "Turkey",
    "slug": "turkey"
  },
  {
    "code": "tm",
    "name": "Turkmenistan",
    "slug": "turkmenistan"
  },
  {
    "code": "ug",
    "name": "Uganda",
    "slug": "uganda"
  },
  {
    "code": "ua",
    "name": "Ukraine",
    "slug": "ukraine"
  },
  {
    "code": "ae",
    "name": "United Arab Emirates",
    "slug": "united-arab-emirates"
  },
  {
    "code": "gb",
    "name": "United Kingdom",
    "slug": "united-kingdom"
  },
  {
    "code": "us",
    "name": "United States",
    "slug": "united-states"
  },
  {
    "code": "uy",
    "name": "Uruguay",
    "slug": "uruguay"
  },
  {
    "code": "uz",
    "name": "Uzbekistan",
    "slug": "uzbekistan"
  },
  {
    "code": "vu",
    "name": "Vanuatu",
    "slug": "vanuatu"
  },
  {
    "code": "ve",
    "name": "Venezuela",
    "slug": "venezuela"
  },
  {
    "code": "vn",
    "name": "Vietnam",
    "slug": "vietnam"
  },
  {
    "code": "ye",
    "name": "Yemen",
    "slug": "yemen"
  },
  {
    "code": "zm",
    "name": "Zambia",
    "slug": "zambia"
  },
  {
    "code": "zw",
    "name": "Zimbabwe",
    "slug": "zimbabwe"
  }
]