[
  {
    "code": "en",
    "name": "English"
  },
  {
    "code": "cs",
    "name": "Čeština"
  },
  {
    "code": "de",
    "name": "Deutsch"
  },
  {
    "code": "es",
    "name": "Español"
  },
  {
    "code": "fr",
    "name": "Français"
  },
  {
    "code": "it",
    "name": "Italiano"
  },
  {
    "code": "pl",
    "name": "Polski"
  },
  {
    "code": "pt",
    "name": "Português"
  },
  {
    "code": "nl",
    "name": "Nederlands"
  },
  {
    "code": "ru",
    "name": "Русский"
  },
  {
    "code": "sk",
    "name": "Slovenčina"
  },
  {
    "code": "hu",
    "name": "Magyar"
  },
  {
    "code": "ro",
    "name": "Română"
  },
  {
    "code": "sv",
    "name": "Svenska"
  },
  {
    "code": "tr",
    "name": "Türkçe"
  }
]